학교명,주소,현재lat,현재lon,kakao_lat,kakao_lon,거리차_km,검증상태
가락고등학교,서울특별시 송파구 송이로 42,37.5010563298142,127.116425801136,37.5010563298142,127.116425801136,0.0,ok
강동고등학교,서울특별시 강동구 구천면로 572,37.5499166487971,127.160668324892,37.5499166487971,127.160668324892,0.0,ok
광문고등학교,서울특별시 강동구 동남로 968,37.5604616297792,127.158546528744,37.5604616297792,127.158546528744,0.0,ok
노원고등학교,서울특별시 노원구 노원로 586,37.6618031933787,127.054019473757,37.6618031933787,127.054019473757,0.0,ok
대진여자고등학교,서울특별시 노원구 공릉로 438,37.6461248249441,127.06719658578,37.6461248249441,127.06719658578,0.0,ok
동명여자고등학교,서울특별시 은평구 통일로 793,37.6144187859471,126.92282044301,37.6144187859471,126.92282044301,0.0,ok
무학여자고등학교,서울특별시 성동구 고산자로 197,37.5576263308862,127.033880902274,37.5576263308862,127.033880902274,0.0,ok
보성고등학교,서울특별시 송파구 양재대로 1278,37.5200898870034,127.135729296295,37.5200898870034,127.135729296295,0.0,ok
상명고등학교,서울특별시 노원구 덕릉로 553,37.649540794927,127.067701313205,37.649540794927,127.067701313205,0.0,ok
서울고등학교,서울특별시 서초구 효령로 197,37.4842930566875,127.004901860862,37.4842930566875,127.004901860862,0.0,ok
서울체육고등학교,서울특별시 송파구 강동대로 232,37.5223303821085,127.129822552593,37.5223303821085,127.129822552593,0.0,ok
세화고등학교,서울특별시 서초구 신반포로 56-7,37.5019964569165,126.994230013893,37.5019964569165,126.994230013893,0.0,ok
세화여자고등학교,서울특별시 서초구 신반포로 56-7,37.5019964569165,126.994230013893,37.5019964569165,126.994230013893,0.0,ok
숙명여자고등학교,서울특별시 강남구 남부순환로 2807,37.4914753613052,127.052612582715,37.4914753613052,127.052612582715,0.0,ok
신광여자고등학교,서울특별시 용산구 청파로 263,37.5428998795519,126.969447523164,37.5428998795519,126.969447523164,0.0,ok
신목고등학교,서울특별시 양천구 안양천로 739,37.512909431854,126.873606945101,37.512909431854,126.873606945101,0.0,ok
영동고등학교,서울특별시 강남구 선릉로 742,37.5213890143821,127.043739258782,37.5213890143821,127.043739258782,0.0,ok
영파여자고등학교,서울특별시 송파구 올림픽로 565,37.5327371486645,127.119740221132,37.5327371486645,127.119740221132,0.0,ok
예일여자고등학교,서울특별시 은평구 연서로 117,37.6109458980893,126.914792838283,37.6109458980893,126.914792838283,0.0,ok
용화여자고등학교,서울특별시 노원구 동일로 1461,37.6591313767305,127.058280693098,37.6591313767305,127.058280693098,0.0,ok
잠신고등학교,서울특별시 송파구 잠실로 24,37.5147012912615,127.08828295987,37.5147012912615,127.08828295987,0.0,ok
중앙대학교사범대학부속고등학교,서울특별시 강남구 선릉로 207,37.4918425685769,127.05169012944,37.4918425685769,127.05169012944,0.0,ok
진명여자고등학교,서울특별시 양천구 목동로 170,37.5240834137562,126.865465205432,37.5240834137562,126.865465205432,0.0,ok
창덕여자고등학교,서울특별시 송파구 양재대로 1240,37.5162747389886,127.140230435212,37.5162747389886,127.140230435212,0.0,ok
청담고등학교,서울특별시 강남구 압구정로 419,37.5279473627751,127.043866627763,37.5279473627751,127.043866627763,0.0,ok
한성과학고등학교,서울특별시 서대문구 통일로 279-79,37.57543616578,126.952370943937,37.57543616578,126.952370943937,0.0,ok
서울도시과학기술고등학교,서울특별시 성북구 종암로 196,37.6078074870515,127.033045536038,37.6078074870515,127.033045536038,0.0,ok
성동공업고등학교,서울특별시 중구 다산로 290,37.5693631529572,127.017281730243,37.5693631529572,127.017281730243,0.0,ok
수도전기공업고등학교,서울특별시 강남구 개포로 410,37.4849375350333,127.064478665219,37.4849375350333,127.064478665219,0.0,ok
한양공업고등학교,서울특별시 중구 을지로 299,37.5658716036039,127.011443307588,37.5658716036039,127.011443307588,0.0,ok
서울컨벤션고등학교,서울특별시 강동구 동남로 964,37.5592845614915,127.158215928554,37.5592845614915,127.158215928554,0.0,ok
예일디자인고등학교,서울특별시 은평구 연서로 117,37.6109458980893,126.914792838283,37.6109458980893,126.914792838283,0.0,ok
고명외식고등학교,서울특별시 성북구 북악산로 870,37.597674141541,127.019187491701,37.597674141541,127.019187491701,0.0,ok
서울문화고등학교,서울특별시 도봉구 마들로 598,37.6641314270343,127.047285814495,37.6641314270343,127.047285814495,0.0,ok
동명생활경영고등학교,서울특별시 은평구 통일로 793,37.6144187859471,126.92282044301,37.6144187859471,126.92282044301,0.0,ok
서서울생활과학고등학교,서울특별시 구로구 오리로 1355-10,37.5038291911751,126.828259957002,37.5038291911751,126.828259957002,0.0,ok
누원고등학교,서울특별시 도봉구 마들로 849,37.6855689580624,127.049932683549,37.6855689580624,127.049932683549,0.0,ok
신현고등학교,서울특별시 중랑구 봉화산로 174,37.6051463854873,127.092996578059,37.6051463854873,127.092996578059,0.0,ok
불암고등학교,서울특별시 노원구 중계로 155,37.6491585296421,127.080305829512,37.6491585296421,127.080305829512,0.0,ok
상암고등학교,서울특별시 마포구 월드컵북로 445,37.5813414106022,126.883394497343,37.5813414106022,126.883394497343,0.0,ok
부산기계공업고등학교,부산광역시 해운대구 해운대로 569,35.1618414608083,129.152898310746,35.1618414608083,129.152898310746,0.0,ok
부산해사고등학교,부산광역시 영도구 해양로 425,35.0741904987322,129.077017514963,35.0741904987322,129.077017514963,0.0,ok
구덕고등학교,부산광역시 사상구 학감대로 81,35.1384271633606,128.990746329752,35.1384271633606,128.990746329752,0.0,ok
대명여자고등학교,부산광역시 동래구 시실로 135,35.212108309045,129.096218674288,35.212108309045,129.096218674288,0.0,ok
세연고등학교,부산광역시 남구 진남로 82-19,35.1396493004398,129.085826002461,35.1396493004398,129.085826002461,0.0,ok
동래여자고등학교,부산광역시 금정구 체육공원로 20,35.2470423417948,129.098197198652,35.2470423417948,129.098197198652,0.0,ok
부산동성고등학교,부산광역시 부산진구 동성로 16,35.1515169206016,129.069779256029,35.1515169206016,129.069779256029,0.0,ok
부산소프트웨어마이스터고등학교,부산광역시 강서구 가락대로 1393,35.1877591469117,128.90340777453,35.1877591469117,128.90340777453,0.0,ok
부산예술고등학교,부산광역시 금정구 체육공원로 20,35.2470423417948,129.098197198652,35.2470423417948,129.098197198652,0.0,ok
부산관광고등학교,부산광역시 서구 천마로 52,35.0824926337918,129.022431637694,35.0824926337918,129.022431637694,0.0,ok
부산중앙여자고등학교,부산광역시 동래구 온천천로 131,35.2078257856441,129.079906146817,35.2078257856441,129.079906146817,0.0,ok
브니엘고등학교,부산광역시 금정구 체육공원로 154,35.254853055713,129.103926382394,35.254853055713,129.103926382394,0.0,ok
브니엘여자고등학교,부산광역시 금정구 체육공원로 154,35.254853055713,129.103926382394,35.254853055713,129.103926382394,0.0,ok
브니엘예술고등학교,부산광역시 금정구 체육공원로 154,35.254853055713,129.103926382394,35.254853055713,129.103926382394,0.0,ok
성일여자고등학교,부산광역시 사하구 다대로 161,35.0894995115559,128.980062642206,35.0894995115559,128.980062642206,0.0,ok
신도고등학교,부산광역시 해운대구 좌동순환로 64,35.1720794060515,129.167421350393,35.1720794060515,129.167421350393,0.0,ok
해강고등학교,부산광역시 해운대구 해운대해변로 33,35.1641139192501,129.137539007121,35.1641139192501,129.137539007121,0.0,ok
센텀고등학교,부산광역시 해운대구 해운대로 246,35.1771034302477,129.12698062567,35.1771034302477,129.12698062567,0.0,ok
정관고등학교,부산광역시 기장군 정관읍 정관로 534,35.32211274772,129.169989888527,35.32211274772,129.169989888527,0.0,ok
경북기계공업고등학교,대구광역시 달서구 월배로 275,35.8221415096407,128.542624404503,35.8221415096407,128.542624404503,0.0,ok
경북여자고등학교,대구광역시 중구 중앙대로 288,35.858427156034,128.592200427922,35.858427156034,128.592200427922,0.0,ok
경상여자고등학교,대구광역시 북구 침산남로9길 164,35.9005419608088,128.587843862453,35.9005419608088,128.587843862453,0.0,ok
다사고등학교,대구광역시 달성군 다사읍 달구벌대로 839,35.8611056694071,128.462760800976,35.8611056694071,128.462760800976,0.0,ok
달성고등학교,대구광역시 서구 달구벌대로 1725,35.858931855436,128.55534277257,35.858931855436,128.55534277257,0.0,ok
대구남산고등학교,대구광역시 수성구 신천동로 364,35.8571952623461,128.608759447996,35.8571952623461,128.608759447996,0.0,ok
대구동부고등학교,대구광역시 동구 반야월북로 199,35.8742902325569,128.719072223198,35.8742902325569,128.719072223198,0.0,ok
대구상원고등학교,대구광역시 달서구 월배로 241,35.8216848108127,128.539405222297,35.8216848108127,128.539405222297,0.0,ok
대구농업마이스터고등학교,대구광역시 수성구 달구벌대로 3170,35.8357803012495,128.700709109364,35.8357803012495,128.700709109364,0.0,ok
대구제일고등학교,대구광역시 서구 국채보상로 384,35.8706847020914,128.57380837603,35.8706847020914,128.57380837603,0.0,ok
덕원고등학교,대구광역시 수성구 욱수길 37,35.8257275864869,128.706146383542,35.8257275864869,128.706146383542,0.0,ok
성광고등학교,대구광역시 북구 검단로 150,35.9076995289669,128.624838201828,35.9076995289669,128.624838201828,0.0,ok
영남고등학교,대구광역시 달서구 월곡로 300,35.8207699873067,128.536304269574,35.8207699873067,128.536304269574,0.0,ok
현풍고등학교,대구광역시 달성군 현풍읍 비슬로 675,35.6985295989671,128.438237075468,35.6985295989671,128.438237075468,0.0,ok
군위고등학교,대구광역시 군위군 군위읍 군청로 254-6,36.2454746255496,128.569789933564,36.2454746255496,128.569789933564,0.0,ok
가정고등학교,인천광역시 서구 서달로 162,37.5132136571325,126.679863856962,37.5132136571325,126.679863856962,0.0,ok
강화고등학교,인천광역시 강화군 강화읍 고비고개로 20,37.7480284562792,126.473813764116,37.7480284562792,126.473813764116,0.0,ok
교동고등학교,인천광역시 강화군 교동면 교동남로 77,37.7784626831111,126.284316914567,37.7784626831111,126.284316914567,0.0,ok
대인고등학교,인천광역시 서구 서곶로 446,37.5580260208991,126.678609390799,37.5580260208991,126.678609390799,0.0,ok
명신여자고등학교,인천광역시 부평구 원적로 260,37.5046044778204,126.693927821366,37.5046044778204,126.693927821366,0.0,ok
부개여자고등학교,인천광역시 부평구 부흥로 433,37.4979041963466,126.7410315569,37.4979041963466,126.7410315569,0.0,ok
서도고등학교,인천광역시 강화군 서도면 주문도길 173,37.6480376571339,126.252474588184,37.6480376571339,126.252474588184,0.0,ok
서인천고등학교,인천광역시 서구 서곶로 475,37.5610834396688,126.675771023421,37.5610834396688,126.675771023421,0.0,ok
선인고등학교,인천광역시 미추홀구 석정로 165,37.4739644136398,126.651978806147,37.4739644136398,126.651978806147,0.0,ok
세일고등학교,인천광역시 부평구 원적로 245,37.5061650370624,126.693068913751,37.5061650370624,126.693068913751,0.0,ok
인천대중예술고등학교,인천광역시 미추홀구 석정로 165,37.4739644136398,126.651978806147,37.4739644136398,126.651978806147,0.0,ok
인천소방고등학교,인천광역시 미추홀구 석정로 165,37.4739644136398,126.651978806147,37.4739644136398,126.651978806147,0.0,ok
인천고등학교,인천광역시 미추홀구 경원대로 804,37.4529589309605,126.691305361048,37.4529589309605,126.691305361048,0.0,ok
인천대건고등학교,인천광역시 연수구 능허대로 437,37.4019878974932,126.665161888135,37.4019878974932,126.665161888135,0.0,ok
인천뷰티예술고등학교,인천광역시 연수구 원인재로 21,37.4031310797719,126.671966270628,37.4031310797719,126.671966270628,0.0,ok
인천전자마이스터고등학교,인천광역시 미추홀구 석정로 165,37.4739644136398,126.651978806147,37.4739644136398,126.651978806147,0.0,ok
인천해양과학고등학교,인천광역시 연수구 능허대로 71,37.4252497895545,126.640709504885,37.4252497895545,126.640709504885,0.0,ok
인항고등학교,인천광역시 미추홀구 매소홀로 135,37.4468142895118,126.640758061298,37.4468142895118,126.640758061298,0.0,ok
인화여자고등학교,인천광역시 미추홀구 석정로 165,37.4739644136398,126.651978806147,37.4739644136398,126.651978806147,0.0,ok
학익고등학교,인천광역시 미추홀구 한나루로 358,37.4399844048933,126.662350186313,37.4399844048933,126.662350186313,0.0,ok
인천진산과학고등학교,인천광역시 부평구 굴포로 194-9,37.5132724150357,126.743713449345,37.5132724150357,126.743713449345,0.0,ok
인천남동고등학교,인천광역시 남동구 은봉로 283,37.4060406325088,126.721071546299,37.4060406325088,126.721071546299,0.0,ok
인천상정고등학교,인천광역시 부평구 경원대로 1109,37.4807189773685,126.696380995833,37.4807189773685,126.696380995833,0.0,ok
인천운남고등학교,인천광역시 중구 운남동,37.4891707175436,126.527232917984,37.4891707175436,126.527232917984,0.0,ok
광일고등학교,광주광역시 광산구 고봉로 812,35.2206283826609,126.741950812541,35.2206283826609,126.741950812541,0.0,ok
광주고등학교,광주광역시 동구 중앙로 302,35.1594787737076,126.920997540369,35.1594787737076,126.920997540369,0.0,ok
광주전자공업고등학교,광주광역시 광산구 첨단중앙로 7,35.204856045971,126.84076814963,35.204856045971,126.84076814963,0.0,ok
광주진흥고등학교,광주광역시 광산구 왕버들로 307,35.196436007411,126.841688616317,35.196436007411,126.841688616317,0.0,ok
광주체육고등학교,광주광역시 북구 하서로 55,35.1825030471667,126.879416202916,35.1825030471667,126.879416202916,0.0,ok
국제고등학교,광주광역시 북구 설죽로 433,35.1991144593752,126.895612324385,35.1991144593752,126.895612324385,0.0,ok
동일미래과학고등학교,광주광역시 남구 천변좌로 604,35.1288698625964,126.927303715615,35.1288698625964,126.927303715615,0.0,ok
전남여자상업고등학교,광주광역시 북구 설죽로 433,35.1991144593752,126.895612324385,35.1991144593752,126.895612324385,0.0,ok
대전동산고등학교,대전광역시 중구 문화로 183,36.3161184162404,127.404491849602,36.3161184162404,127.404491849602,0.0,ok
대전전자디자인고등학교,대전광역시 유성구 대덕대로 939,36.4129289544443,127.377016893308,36.4129289544443,127.377016893308,0.0,ok
대전중앙고등학교,대전광역시 중구 대종로 634,36.3384107045318,127.415150806954,36.3384107045318,127.415150806954,0.0,ok
동방고등학교,대전광역시 서구 계백로 1106,36.300337075228,127.346268143718,36.300337075228,127.346268143718,0.0,ok
대전동신과학고등학교,대전광역시 동구 옥천로 423,36.3328583682761,127.474364250124,36.3328583682761,127.474364250124,0.0,ok
보문고등학교,대전광역시 동구 우암로 57,36.3369769623322,127.424125673155,36.3369769623322,127.424125673155,0.0,ok
유성생명과학고등학교,대전광역시 유성구 월드컵대로 270,36.3482395683882,127.328421641242,36.3482395683882,127.328421641242,0.0,ok
충남기계공업고등학교,대전광역시 중구 산성로 154,36.3119942087967,127.40357307303,36.3119942087967,127.40357307303,0.0,ok
대전지족고등학교,대전광역시 유성구 노은서로 202,36.3779840347806,127.316083858007,36.3779840347806,127.316083858007,0.0,ok
성광여자고등학교,울산광역시 남구 남부순환도로 97,35.5431457378798,129.265848882847,35.5431457378798,129.265848882847,0.0,ok
울산제일고등학교,울산광역시 남구 남부순환도로 107,35.541704301564,129.267836747462,35.541704301564,129.267836747462,0.0,ok
현대고등학교,울산광역시 동구 봉수로 455,35.5252196071778,129.421668599861,35.5252196071778,129.421668599861,0.0,ok
남목고등학교,울산광역시 동구 방어진순환도로 1200,35.5380104249407,129.41875170715,35.5380104249407,129.41875170715,0.0,ok
대현고등학교,울산광역시 남구 수암로 164,35.5261401471467,129.324338927099,35.5261401471467,129.324338927099,0.0,ok
온산고등학교,울산광역시 울주군 온산읍 명봉거남로 76,35.4390149028479,129.317936220991,35.4390149028479,129.317936220991,0.0,ok
경기과학고등학교,경기도 수원시 장안구 수일로 135,37.308795986874,127.006408542503,37.308795986874,127.006408542503,0.0,ok
의정부광동고등학교,경기도 의정부시 서부로 691,37.7555436632056,127.036201014586,37.7555436632056,127.036201014586,0.0,ok
대신고등학교,경기도 여주시 대신면 여양로 1196,37.3635348209376,127.608115284525,37.3635348209376,127.608115284525,0.0,ok
덕소고등학교,경기도 남양주시 와부읍 덕소로 194,37.5793528256648,127.216535852641,37.5793528256648,127.216535852641,0.0,ok
동두천중앙고등학교,경기도 동두천시 평화로 2280,37.8916510420522,127.058102442745,37.8916510420522,127.058102442745,0.0,ok
동우여자고등학교,경기도 수원시 장안구 장안로 426-1,37.319873609618,126.982389265377,37.319873609618,126.982389265377,0.0,ok
동원동우고등학교,경기도 수원시 장안구 장안로 426-1,37.319873609618,126.982389265377,37.319873609618,126.982389265377,0.0,ok
마장고등학교,경기도 이천시 마장면 마도로 23,37.2581012123803,127.351317330723,37.2581012123803,127.351317330723,0.0,ok
문산수억고등학교,경기도 파주시 파주읍 우계로 357,37.8520333515661,126.802517113199,37.8520333515661,126.802517113199,0.0,ok
문산제일고등학교,경기도 파주시 평화로 190,37.7726039859556,126.762887305161,37.7726039859556,126.762887305161,0.0,ok
발안바이오과학고등학교,경기도 화성시 만세구 향남읍 발안로 71,37.1329276150071,126.91699165726,37.1329276150071,126.91699165726,0.0,ok
분당경영고등학교,경기도 성남시 분당구 금곡로 289,37.3550258133701,127.109687859068,37.3550258133701,127.109687859068,0.0,ok
산본고등학교,경기도 군포시 산본로 451-12,37.3705257666015,126.925412097799,37.3705257666015,126.925412097799,0.0,ok
삼광고등학교,경기도 파주시 적성면 청송로 701,37.9455777258231,126.885509510766,37.9455777258231,126.885509510766,0.0,ok
서해고등학교,경기도 시흥시 정왕신길로 13,37.3605929327388,126.723907523525,37.3605929327388,126.723907523525,0.0,ok
서현고등학교,경기도 성남시 분당구 분당로 87,37.3822220478195,127.124059549433,37.3822220478195,127.124059549433,0.0,ok
성안고등학교,경기도 안산시 상록구 용신로 170,37.3027209378571,126.842786264298,37.3027209378571,126.842786264298,0.0,ok
송탄고등학교,경기도 평택시 고덕국제1로 176,37.0527318585844,127.040068277354,37.0527318585844,127.040068277354,0.0,ok
송현고등학교,경기도 의정부시 용민로 159,37.7439207507851,127.090831646443,37.7439207507851,127.090831646443,0.0,ok
수리고등학교,경기도 군포시 수리산로 39,37.3552620138548,126.91977118324,37.3552620138548,126.91977118324,0.0,ok
홍익디자인고등학교,경기도 화성시 효행구 효행로 387,37.2167979841834,126.979628726327,37.2167979841834,126.979628726327,0.0,ok
수원농생명과학고등학교,경기도 수원시 장안구 광교산로 13,37.2951590792692,127.019507269947,37.2951590792692,127.019507269947,0.0,ok
심원고등학교,경기도 부천시 계남로 284,37.5048568460541,126.778928296799,37.5048568460541,126.778928296799,0.0,ok
안산국제비즈니스고등학교,경기도 안산시 상록구 수인로 1981,37.3609470356859,126.874144218911,37.3609470356859,126.874144218911,0.0,ok
안산동산고등학교,경기도 안산시 상록구 충장로 56,37.2868673648874,126.858559094053,37.2868673648874,126.858559094053,0.0,ok
영덕고등학교,경기도 수원시 영통구 매영로 334,37.2524178841039,127.068439296069,37.2524178841039,127.068439296069,0.0,ok
동국대학교사범대학부속영석고등학교,경기도 의정부시 시민로 363,37.7358713333453,127.074910358813,37.7358713333453,127.074910358813,0.0,ok
용문고등학교,경기도 양평군 용문면 용문로 437,37.4918733720804,127.59881542216,37.4918733720804,127.59881542216,0.0,ok
원곡고등학교,경기도 안산시 단원구 화랑로 15,37.3328606203858,126.798684325553,37.3328606203858,126.798684325553,0.0,ok
다산고등학교,경기도 이천시 경충대로 2856,37.2910405876116,127.428896724339,37.2910405876116,127.428896724339,0.0,ok
인창고등학교,경기도 구리시 왕숙천로 339,37.605469197692,127.146471249409,37.605469197692,127.146471249409,0.0,ok
일죽고등학교,경기도 안성시 서동대로 7446,37.0914690236326,127.473371226044,37.0914690236326,127.473371226044,0.0,ok
부원고등학교,경기도 이천시 장호원읍 서동대로 8857,37.1167331269222,127.619479033189,37.1167331269222,127.619479033189,0.0,ok
저동고등학교,경기도 고양시 일산동구 무궁화로 165,37.6708657522846,126.779057686217,37.6708657522846,126.779057686217,0.0,ok
지평고등학교,경기도 양평군 지평면 지평로 418,37.4744740136703,127.634558913609,37.4744740136703,127.634558913609,0.0,ok
진건고등학교,경기도 남양주시 진건읍 진건오남로 369-1,37.6745275351785,127.197781390823,37.6745275351785,127.197781390823,0.0,ok
태성고등학교,경기도 용인시 처인구 백옥대로 1059-2,37.2289200685354,127.208832428103,37.2289200685354,127.208832428103,0.0,ok
퇴계원고등학교,경기도 남양주시 퇴계원읍 퇴계원로,37.6594495491254,127.146260362383,37.6594495491254,127.146260362383,0.0,ok
세경고등학교,경기도 파주시 파주읍 술이홀로 379,37.8313146256796,126.829901754932,37.8313146256796,126.829901754932,0.0,ok
포천일고등학교,경기도 포천시 군내면 청군로 3426,37.8947496102494,127.205230934251,37.8947496102494,127.205230934251,0.0,ok
풍생고등학교,경기도 성남시 수정구 산성대로 111,37.4350429469789,127.131414647534,37.4350429469789,127.131414647534,0.0,ok
한국애니메이션고등학교,경기도 하남시 검단산로 223,37.5349620682026,127.227302576715,37.5349620682026,127.227302576715,0.0,ok
한국조리과학고등학교,경기도 시흥시 금오로 640,37.4585179846569,126.832361282931,37.4585179846569,126.832361282931,0.0,ok
효양고등학교,경기도 이천시 부발읍 효양로 214,37.265344793686,127.479607661066,37.265344793686,127.479607661066,0.0,ok
교하고등학교,경기도 파주시 책향기로 180,37.7226155671809,126.721703650352,37.7226155671809,126.721703650352,0.0,ok
이우고등학교,경기도 성남시 분당구 동막로 287,37.3532432589634,127.090940989637,37.3532432589634,127.090940989637,0.0,ok
수원외국어고등학교,경기도 수원시 영통구 창룡대로 263,37.2959932620852,127.035115819124,37.2959932620852,127.035115819124,0.0,ok
호평고등학교,경기도 남양주시 호평로 109,37.657193862207,127.252789849171,37.657193862207,127.252789849171,0.0,ok
한겨레고등학교,경기도 안성시 죽산면 칠장로 107-9,37.0306410077506,127.42268960231,37.0306410077506,127.42268960231,0.0,ok
운암고등학교,경기도 오산시 운천로 12,37.1438348423566,127.075076201091,37.1438348423566,127.075076201091,0.0,ok
초당고등학교,경기도 용인시 기흥구 동백중앙로 21,37.2587006378702,127.16291877586,37.2587006378702,127.16291877586,0.0,ok
복정고등학교,경기도 성남시 수정구 복정안골로 35,37.46142768539137,127.13758756405537,,,,no_docs
오남고등학교,경기도 남양주시 오남읍 진건오남로 784-27,37.6982648807208,127.206016333047,37.6982648807208,127.206016333047,0.0,ok
광남고등학교,경기도 광주시 회안대로 350-32,37.3846420912183,127.237882964691,37.3846420912183,127.237882964691,0.0,ok
운정고등학교,경기도 파주시 와석순환로 267,37.7220442530715,126.736319937058,37.7220442530715,126.736319937058,0.0,ok
진접고등학교,경기도 남양주시 진접읍 해밀예당2로 13,37.7158456602535,127.190195849382,37.7158456602535,127.190195849382,0.0,ok
세마고등학교,경기도 오산시 수목원로 559-17,37.1805352658727,127.041345242005,37.1805352658727,127.041345242005,0.0,ok
동패고등학교,경기도 파주시 교하로 350,37.7112092819957,126.734357904022,37.7112092819957,126.734357904022,0.0,ok
판곡고등학교,경기도 남양주시 늘을1로 127,37.6628762741531,127.243047035973,37.6628762741531,127.243047035973,0.0,ok
화성반월고등학교,경기도 화성시 병점구 효행로 1281-66,37.2248158471676,127.055201455756,37.2248158471676,127.055201455756,0.0,ok
운양고등학교,경기도 김포시 김포한강11로 58,37.6451440654629,126.689679844758,37.6451440654629,126.689679844758,0.0,ok
미사고등학교,경기도 하남시 미사강변한강로 210,37.5705033645184,127.193389052027,37.5705033645184,127.193389052027,0.0,ok
별가람고등학교,경기도 남양주시 순화궁로 393,37.6614764118779,127.122174166835,37.6614764118779,127.122174166835,0.0,ok
치동고등학교,경기도 화성시 동탄순환대로 881-15,37.2078455503696,127.091478746742,37.2078455503696,127.091478746742,0.0,ok
강원대학교사범대학부설고등학교,강원특별자치도 춘천시 서부대성로 257,37.873431845628,127.747597308901,37.873431845628,127.747597308901,0.0,ok
간동고등학교,강원특별자치도 화천군 간동면 파로호로 945-21,38.0563712031279,127.791591266536,38.0563712031279,127.791591266536,0.0,ok
갑천고등학교,강원도 횡성군 갑천면 갑천로 17,37.5606924985072,128.114375870094,37.5606924985072,128.114375870094,0.0,ok
강릉명륜고등학교,강원특별자치도 강릉시 율곡로 2920-8,37.7631412579538,128.893867681355,37.7631412579538,128.893867681355,0.0,ok
강원과학고등학교,강원도 원주시 치악로 2242,37.3754276525261,127.973197728272,37.3754276525261,127.973197728272,0.0,ok
거진고등학교,강원특별자치도 고성군 거진읍 거탄진로 39-7,38.4396792185073,128.450137660546,38.4396792185073,128.450137660546,0.0,ok
대성고등학교,강원특별자치도 원주시 북원로 2001,37.3273085331093,127.920866676151,37.3273085331093,127.920866676151,0.0,ok
동해삼육고등학교,강원도 동해시 동해대로 5367,37.5220532140245,129.099706968728,37.5220532140245,129.099706968728,0.0,ok
원주금융회계고등학교,강원도 원주시 부론면 부귀로 35,37.2078269480282,127.751658468402,37.2078269480282,127.751658468402,0.0,ok
사내고등학교,강원특별자치도 화천군 사내면 포화로 1093,38.0647265726008,127.51909158584,38.0647265726008,127.51909158584,0.0,ok
사북고등학교,강원특별자치도 정선군 사북읍 소금강로 3640,37.2281757984222,128.828855679762,37.2281757984222,128.828855679762,0.0,ok
한국에너지마이스터고등학교,강원도 삼척시 근덕면 삼척로 3700,37.3849290438801,129.224310432088,37.3849290438801,129.224310432088,0.0,ok
상동고등학교,강원특별자치도 영월군 상동읍 태백산로 3147,37.1252583148627,128.822454492187,37.1252583148627,128.822454492187,0.0,ok
서석고등학교,강원도 홍천군 서석면 구룡령로 2570,37.7093862025813,128.189704636169,37.7093862025813,128.189704636169,0.0,ok
원덕고등학교,강원특별자치도 삼척시 원덕읍 삼척로 480,37.1785971471559,129.331537937156,37.1785971471559,129.331537937156,0.0,ok
원주고등학교,강원도 원주시 치악로 1765,37.3400825548194,127.955818835173,37.3400825548194,127.955818835173,0.0,ok
영서고등학교,강원특별자치도 원주시 치악로 1384,37.3130539602757,127.979830016273,37.3130539602757,127.979830016273,0.0,ok
원주삼육고등학교,강원도 원주시 북원로 1996,37.3267981058179,127.923272658317,37.3267981058179,127.923272658317,0.0,ok
한국의료마이스터고등학교,강원특별자치도 원주시 문막읍 원문로 1756,37.3144602690323,127.822527381205,37.3144602690323,127.822527381205,0.0,ok
육민관고등학교,강원특별자치도 원주시 흥업면 북원로 1800,37.3096923127765,127.917932156702,37.3096923127765,127.917932156702,0.0,ok
함백여자고등학교,강원특별자치도 정선군 신동읍 함백로 376,37.2155883063618,128.674475205367,37.2155883063618,128.674475205367,0.0,ok
함백고등학교,강원특별자치도 정선군 신동읍 함백로 376,37.2155883063618,128.674475205367,37.2155883063618,128.674475205367,0.0,ok
횡성여자고등학교,강원도 횡성군 횡성읍 횡성로 252,37.4762738334985,127.981763626509,37.4762738334985,127.981763626509,0.0,ok
전인고등학교,강원도 춘천시 동산면 새술막길 630,37.787873130134,127.751130489559,37.787873130134,127.751130489559,0.0,ok
강원애니고등학교,강원특별자치도 춘천시 서면 박사로 1025,37.9061659692772,127.70043742922,37.9061659692772,127.70043742922,0.0,ok
강원외국어고등학교,강원특별자치도 양구군 양구읍 금강산로 437-12,38.1198034198888,127.990545604953,38.1198034198888,127.990545604953,0.0,ok
현천고등학교,강원도 횡성군 둔내면 경강로 4119,37.4859668549956,128.17056031892,37.4859668549956,128.17056031892,0.0,ok
괴산고등학교,충청북도 괴산군 괴산읍 읍내로 106,36.7965784776823,127.779633800604,36.7965784776823,127.779633800604,0.0,ok
충북반도체고등학교,충청북도 음성군 금왕읍 무극로 393-1,36.9945688918431,127.606894529842,36.9945688918431,127.606894529842,0.0,ok
단산고등학교,충청북도 단양군 어상천면 어상천로 904,37.1016152414112,128.360646664697,37.1016152414112,128.360646664697,0.0,ok
대성여자상업고등학교,충청북도 청주시 상당구 대성로 220,36.645376586986,127.492282507756,36.645376586986,127.492282507756,0.0,ok
영동고등학교,충청북도 영동군 영동읍 계산로 122,36.169493013817,127.7884058283,36.169493013817,127.7884058283,0.0,ok
영동미래고등학교,충청북도 영동군 영동읍 대학로 10,36.1780923776472,127.779595889939,36.1780923776472,127.779595889939,0.0,ok
옥천고등학교,충청북도 옥천군 옥천읍 중앙로 115,36.3083892179424,127.570042109829,36.3083892179424,127.570042109829,0.0,ok
충북산업과학고등학교,충청북도 옥천군 옥천읍 중앙로 144,36.3094763107577,127.576337083405,36.3094763107577,127.576337083405,0.0,ok
제천상업고등학교,충청북도 제천시 의병대로 243,37.1336491307847,128.228418168079,37.1336491307847,128.228418168079,0.0,ok
증평공업고등학교,충청북도 증평군 증평읍 광장로 180,36.780952175247,127.590323115812,36.780952175247,127.590323115812,0.0,ok
충북고등학교,충청북도 청주시 서원구 청남로 1969,36.6085421359283,127.481714419812,36.6085421359283,127.481714419812,0.0,ok
충북과학고등학교,충청북도 청주시 상당구 가덕면 교육원로 153-135,36.5877912123634,127.569177188357,36.5877912123634,127.569177188357,0.0,ok
충북예술고등학교,충청북도 청주시 흥덕구 서부로 1185,36.6108636042648,127.432754099608,36.6108636042648,127.432754099608,0.0,ok
주성고등학교,충청북도 청주시 상당구 호미로 310,36.634832585076,127.510651180959,36.634832585076,127.510651180959,0.0,ok
대금고등학교,충청북도 음성군 금왕읍 신내로 507,36.9818496332201,127.527925230581,36.9818496332201,127.527925230581,0.0,ok
건양대학교병설건양고등학교,충청남도 논산시 양촌면 황산벌로 486-21,36.1415576429175,127.234340316634,36.1415576429175,127.234340316634,0.0,ok
홍성공업고등학교,충청남도 홍성군 결성면 구성남로 55,36.5292356675241,126.547872062589,36.5292356675241,126.547872062589,0.0,ok
공주금성여자고등학교,충청남도 공주시 무령로 103,36.4579238822612,127.112616899073,36.4579238822612,127.112616899073,0.0,ok
공주생명과학고등학교,충청남도 공주시 금벽로 317,36.4734663879329,127.122704017145,36.4734663879329,127.122704017145,0.0,ok
금산여자고등학교,충청남도 금산군 금산읍 인삼로 21,36.104756262706,127.483456081498,36.104756262706,127.483456081498,0.0,ok
만리포고등학교,충청남도 태안군 소원면 서해로 631,36.760358435444,126.190822786927,36.760358435444,126.190822786927,0.0,ok
부석고등학교,충청남도 서산시 부석면 무학로 1180-9,36.7191692163203,126.401175680554,36.7191692163203,126.401175680554,0.0,ok
송악고등학교,충청남도 당진시 송악읍 송악로 165,36.9165824387309,126.704762234627,36.9165824387309,126.704762234627,0.0,ok
예산예화여자고등학교,충청남도 예산군 예산읍 예산로 117,36.6800546527487,126.839008226602,36.6800546527487,126.839008226602,0.0,ok
금산하이텍고등학교,충청남도 금산군 진산면 대둔산로,36.1871926791255,127.38713408817,36.1871926791255,127.38713408817,0.0,ok
정산고등학교,충청남도 청양군 정산면 칠갑산로 1897,36.4138515712078,126.950206626647,36.4138515712078,126.950206626647,0.0,ok
충남과학고등학교,충청남도 공주시 반포면 금벽로 1351-15,36.4273797056528,127.218710162436,36.4273797056528,127.218710162436,0.0,ok
한국국제비즈니스고등학교,충청남도 논산시 연산면 계백로 1958-16,36.2066365005049,127.189308583515,36.2066365005049,127.189308583515,0.0,ok
태안고등학교,충청남도 태안군 태안읍 백화로 251,36.7542989340155,126.317812777164,36.7542989340155,126.317812777164,0.0,ok
태안여자고등학교,충청남도 태안군 태안읍 원이로 7-1,36.7592674991935,126.289254236497,36.7592674991935,126.289254236497,0.0,ok
합덕제철고등학교,충청남도 당진시 합덕읍 면천로 1601,36.8133825004723,126.762410692777,36.8133825004723,126.762410692777,0.0,ok
합덕고등학교,충청남도 당진시 합덕읍 면천로 1583,36.8133974573314,126.760299447993,36.8133974573314,126.760299447993,0.0,ok
홍성고등학교,충청남도 홍성군 홍북읍 홍학로 49,36.6500246774633,126.672649053213,36.6500246774633,126.672649053213,0.0,ok
전북대학교사범대학부설고등학교,전북특별자치도 전주시 덕진구 조경단로 117,35.8459191291055,127.136074011381,35.8459191291055,127.136074011381,0.0,ok
동국대학교사범대학부속금산고등학교,전북특별자치도 김제시 금산면 모악로 47,35.7177445829994,126.999453714864,35.7177445829994,126.999453714864,0.0,ok
김제서고등학교,전북특별자치도 김제시 죽산면 해학로 17,35.771044283417,126.814859249966,35.771044283417,126.814859249966,0.0,ok
남성고등학교,전북특별자치도 익산시 동서로35길 41-4,35.9576025926241,126.966913465453,,,,no_docs
남원제일고등학교,전북특별자치도 남원시 노송로 1206,35.3914266718207,127.373721820164,35.3914266718207,127.373721820164,0.0,ok
남원국악예술고등학교,전북특별자치도 남원시 용성로 323,35.4259513538889,127.405555453514,35.4259513538889,127.405555453514,0.0,ok
덕암고등학교,전북특별자치도 김제시 하공로 9,35.8130932253038,126.887082942018,35.8130932253038,126.887082942018,0.0,ok
덕암정보고등학교,전북특별자치도 김제시 하공로 9,35.8130932253038,126.887082942018,35.8130932253038,126.887082942018,0.0,ok
만경고등학교,전북특별자치도 김제시 만경읍 능제로 29,35.8485588444503,126.817211240898,35.8485588444503,126.817211240898,0.0,ok
배영고등학교,전북특별자치도 정읍시 동학로 243,35.6012602616816,126.811653612323,35.6012602616816,126.811653612323,0.0,ok
산서고등학교,전북특별자치도 장수군 산서면 보산로 1852-6,35.583886379413,127.399016153761,35.583886379413,127.399016153761,0.0,ok
성일고등학교,전북특별자치도 익산시 황등면 화강암로 229,36.0084597073014,126.946630690427,36.0084597073014,126.946630690427,0.0,ok
세인고등학교,전북특별자치도 완주군 화산면 화산로 1486,36.0686313888463,127.153985212928,36.0686313888463,127.153985212928,0.0,ok
전주솔내고등학교,전북특별자치도 전주시 덕진구 송천중앙로 170,35.8630127794322,127.122506592389,35.8630127794322,127.122506592389,0.0,ok
안천고등학교,전북특별자치도 진안군 안천면 진무로 3071-9,35.9003229157085,127.560218861965,35.9003229157085,127.560218861965,0.0,ok
전주대학교사범대학부설고등학교,전북특별자치도 전주시 완산구 천잠로 313,35.8153681379258,127.093446082193,35.8153681379258,127.093446082193,0.0,ok
완주고등학교,전북특별자치도 완주군 봉동읍 봉동로 172,35.9407823335497,127.166284597593,35.9407823335497,127.166284597593,0.0,ok
전주기전여자고등학교,전북특별자치도 전주시 완산구 유연로 133,35.826239087715,127.100654950668,35.826239087715,127.100654950668,0.0,ok
전주신흥고등학교,전북특별자치도 전주시 완산구 서원로 399,35.8154128312137,127.136278431321,35.8154128312137,127.136278431321,0.0,ok
전주영생고등학교,전북특별자치도 전주시 완산구 천잠로 333,35.8161003658193,127.091987648221,35.8161003658193,127.091987648221,0.0,ok
전주한일고등학교,전북특별자치도 전주시 완산구 백제대로 442,35.8312309767788,127.123647468805,35.8312309767788,127.123647468805,0.0,ok
정읍고등학교,전북특별자치도 정읍시 정읍사로 594,35.5553183397412,126.865429903017,35.5553183397412,126.865429903017,0.0,ok
정읍여자고등학교,전북특별자치도 정읍시 충정로 56-11,35.5591403117145,126.871133125893,35.5591403117145,126.871133125893,0.0,ok
진경여자고등학교,전북특별자치도 익산시 황등서로 40-92,36.005042397361,126.940832840129,36.005042397361,126.940832840129,0.0,ok
태인고등학교,전북특별자치도 정읍시 태인면 석지로 1469,35.6526188487414,126.938943182742,35.6526188487414,126.938943182742,0.0,ok
한국경마축산고등학교,전북특별자치도 남원시 운봉읍 황산로 952,35.4408004101497,127.516191193594,35.4408004101497,127.516191193594,0.0,ok
함열여자고등학교,전북특별자치도 익산시 익산대로 1852,36.0829558884505,126.96908398131,36.0829558884505,126.96908398131,0.0,ok
호남제일고등학교,전북특별자치도 전주시 완산구 서원로 53,35.8139064090171,127.099259799851,35.8139064090171,127.099259799851,0.0,ok
한국게임과학고등학교,전북특별자치도 완주군 운주면 대둔산로 1336,36.0827692455778,127.285384755919,36.0827692455778,127.285384755919,0.0,ok
광양여자고등학교,전라남도 광양시 광양읍 인덕로 1039,34.976496906873,127.580412565054,34.976496906873,127.580412565054,0.0,ok
구림공업고등학교,전라남도 영암군 군서면 왕인로 453,34.7598902670722,126.62633710904,34.7598902670722,126.62633710904,0.0,ok
금성고등학교,전라남도 나주시 건재로 41,35.0380384028771,126.712290952828,35.0380384028771,126.712290952828,0.0,ok
나주공업고등학교,전라남도 나주시 건재로 43,35.0398049237499,126.712751090808,35.0398049237499,126.712751090808,0.0,ok
노화고등학교,전라남도 완도군 노화읍 노화로 763-36,34.1813614282516,126.577694330231,34.1813614282516,126.577694330231,0.0,ok
담양공업고등학교,전라남도 담양군 담양읍 죽향대로 1072,35.3024116694057,126.982236596342,35.3024116694057,126.982236596342,0.0,ok
광양백운고등학교,전라남도 광양시 중마로 250,34.9467751329481,127.691114343212,34.9467751329481,127.691114343212,0.0,ok
목포공업고등학교,전라남도 목포시 용당로 100,34.7960732305031,126.403867811399,34.7960732305031,126.403867811399,0.0,ok
목포여자고등학교,전라남도 목포시 청호로 34,34.7978802675184,126.385242325364,34.7978802675184,126.385242325364,0.0,ok
목포여자상업고등학교,전라남도 목포시 영산로 413-3,34.8085374801703,126.412005210034,34.8085374801703,126.412005210034,0.0,ok
무안고등학교,전라남도 무안군 무안읍 성남1길 61-1,34.9816621130617,126.467148282862,34.9816621130617,126.467148282862,0.0,ok
문태고등학교,전라남도 목포시 용당로 138,34.800575575612,126.403050685094,34.800575575612,126.403050685094,0.0,ok
벌교상업고등학교,전라남도 보성군 벌교읍 홍암로 61,34.8466786908583,127.349567104254,34.8466786908583,127.349567104254,0.0,ok
보성정보통신고등학교,전라남도 보성군 복내면 송재로 1926,34.8987585173107,127.14021597606,34.8987585173107,127.14021597606,0.0,ok
다향고등학교,전라남도 보성군 보성읍 녹차로 1364,34.7638290155337,127.092075235423,34.7638290155337,127.092075235423,0.0,ok
부영여자고등학교,전라남도 여수시 안산1길 172-9,34.7586043072831,127.650712182446,34.7586043072831,127.650712182446,0.0,ok
순천고등학교,전라남도 순천시 우석로 191,34.9462886062398,127.487170605491,34.9462886062398,127.487170605491,0.0,ok
순천청암고등학교,전라남도 순천시 녹색로 1641-1,34.9277597070638,127.489349017293,34.9277597070638,127.489349017293,0.0,ok
순천효산고등학교,전라남도 순천시 삼산로 104,34.9732126734283,127.495482485689,34.9732126734283,127.495482485689,0.0,ok
안좌고등학교,전라남도 신안군 안좌면 중부로 790-7,34.7500263536303,126.129156715999,34.7500263536303,126.129156715999,0.0,ok
약산고등학교,전라남도 완도군 약산면 약산로 366,34.3921384433983,126.89965877908,34.3921384433983,126.89965877908,0.0,ok
여양고등학교,전라남도 여수시 소라면 덕양로 345,34.7890029543642,127.631433886632,34.7890029543642,127.631433886632,0.0,ok
여수해양과학고등학교,전라남도 여수시 돌산읍 돌산로 1201-18,34.614136889086,127.727000019548,34.614136889086,127.727000019548,0.0,ok
영광고등학교,전라남도 영광군 영광읍 옥당로 13-22,35.2669450377553,126.506589578735,35.2669450377553,126.506589578735,0.0,ok
완도금일고등학교,전라남도 완도군 금일읍 금일로 420,34.3494010297718,127.032439279955,34.3494010297718,127.032439279955,0.0,ok
임자고등학교,전라남도 신안군 임자면 임자로 230-9,35.0904602386424,126.099736769046,35.0904602386424,126.099736769046,0.0,ok
장성하이텍고등학교,전라남도 장성군 장성읍 단풍로 72,35.3077225173349,126.793202739479,35.3077225173349,126.793202739479,0.0,ok
전남외국어고등학교,전라남도 나주시 영나로 2434,34.9943705267071,126.722737758476,34.9943705267071,126.722737758476,0.0,ok
지명고등학교,전라남도 신안군 지도읍 해제지도로 1362,35.0633737193248,126.203374315735,35.0633737193248,126.203374315735,0.0,ok
한빛고등학교,전라남도 담양군 대전면 추성1로 501-21,35.2915305617946,126.913136433767,35.2915305617946,126.913136433767,0.0,ok
함평골프고등학교,전라남도 함평군 학교면 학교길 77,35.0259654455156,126.536401764289,35.0259654455156,126.536401764289,0.0,ok
전남보건고등학교,전라남도 함평군 월야면 문화로 685-18,35.1885287236464,126.624340713929,35.1885287236464,126.624340713929,0.0,ok
현경고등학교,전라남도 무안군 현경면 운해로 1551,35.0196292572044,126.404243028711,35.0196292572044,126.404243028711,0.0,ok
화순고등학교,전라남도 화순군 화순읍 진각로 31-9,35.0537552370735,126.98352498212,35.0537552370735,126.98352498212,0.0,ok
전남기술과학고등학교,전라남도 화순군 화순읍 만연로 160-25,35.0719849351247,126.991909166087,35.0719849351247,126.991909166087,0.0,ok
전남자연과학고등학교,전라남도 구례군 구례읍 구례로 409,35.1999506482972,127.463117237022,35.1999506482972,127.463117237022,0.0,ok
전남체육고등학교,전라남도 무안군 일로읍 일로로 126,34.8451441394054,126.497598241213,34.8451441394054,126.497598241213,0.0,ok
순천팔마고등학교,전라남도 순천시 삼산로 140,34.9747666213792,127.49793431477,34.9747666213792,127.49793431477,0.0,ok
광영고등학교,전라남도 광양시 가야로 322,34.9618719210701,127.71450039338,34.9618719210701,127.71450039338,0.0,ok
한울고등학교,전라남도 곡성군 목사동면 주목로 713,35.1173585690172,127.298095238935,35.1173585690172,127.298095238935,0.0,ok
한국창의예술고등학교,전라남도 광양시 중마로 400,34.9487950408528,127.701892636849,34.9487950408528,127.701892636849,0.0,ok
경북생활과학고등학교,경상북도 구미시 해평면 강동로 1654,36.1996011308034,128.392201380495,36.1996011308034,128.392201380495,0.0,ok
경북체육고등학교,경상북도 경산시 경안로 43,35.8122261904859,128.738053391997,35.8122261904859,128.738053391997,0.0,ok
경안여자고등학교,경상북도 안동시 경동로 205-34,36.5765080303277,128.683386582662,36.5765080303277,128.683386582662,0.0,ok
경주여자고등학교,경상북도 경주시 금성로 437,35.8575233733758,129.205126435415,35.8575233733758,129.205126435415,0.0,ok
계림고등학교,경상북도 경주시 용담로 122,35.8663445989482,129.208724465289,35.8663445989482,129.208724465289,0.0,ok
구미정보고등학교,경상북도 구미시 검성로 143,36.1185935773875,128.434230273512,36.1185935773875,128.434230273512,0.0,ok
동명고등학교,경상북도 칠곡군 동명면 백송로 797,35.9851772691063,128.549309028192,35.9851772691063,128.549309028192,0.0,ok
한국미래산업고등학교,경상북도 영주시 영봉로 49,36.8185953206308,128.645559806723,36.8185953206308,128.645559806723,0.0,ok
봉화고등학교,경상북도 봉화군 봉화읍 내성로 138,36.8960374228722,128.739969326215,36.8960374228722,128.739969326215,0.0,ok
경북에너지기술고등학교,경상북도 상주시 상산로 430,36.4300916340294,128.161316999103,36.4300916340294,128.161316999103,0.0,ok
상주여자고등학교,경상북도 상주시 삼백로 315,36.4205062903594,128.178779128086,36.4205062903594,128.178779128086,0.0,ok
한국국제조리고등학교,경상북도 영주시 영봉로 28,36.816609391166,128.642212429647,36.816609391166,128.642212429647,0.0,ok
신라고등학교,경상북도 경주시 태종로 526,35.839764032737,129.187618595673,35.839764032737,129.187618595673,0.0,ok
경북하이텍고등학교,경상북도 안동시 경동로 404,36.5703543877565,128.704014720519,36.5703543877565,128.704014720519,0.0,ok
영덕여자고등학교,경상북도 영덕군 영덕읍 영덕로 206,36.4131671384906,129.374551865501,36.4131671384906,129.374551865501,0.0,ok
영천여자고등학교,경상북도 영천시 최무선로 180,35.9623612811745,128.920144399074,35.9623612811745,128.920144399074,0.0,ok
예천여자고등학교,경상북도 예천군 예천읍 효자로 205,36.6651270590795,128.460432338502,36.6651270590795,128.460432338502,0.0,ok
울릉고등학교,경상북도 울릉군 울릉읍 울릉순환로 236,37.4929945897165,130.907353472762,37.4929945897165,130.907353472762,0.0,ok
현일고등학교,경상북도 구미시 고아읍 선산대로 656,36.187201492022,128.349288035274,36.187201492022,128.349288035274,0.0,ok
경북바이오마이스터고등학교,경상북도 영천시 신녕면 찰방길 8,36.0430090599319,128.780489709866,36.0430090599319,128.780489709866,0.0,ok
포항이동고등학교,경상북도 포항시 남구 희망대로 412,36.029686961431,129.333505876835,36.029686961431,129.333505876835,0.0,ok
경산과학고등학교,경상북도 경산시 화랑로 66,35.8220555141634,128.768888117377,35.8220555141634,128.768888117377,0.0,ok
경남과학고등학교,경상남도 진주시 진성면 진의로 178-22,35.2016380516945,128.225312464219,35.2016380516945,128.225312464219,0.0,ok
경남외국어고등학교,경상남도 양산시 어실로 388,35.3971254153784,129.013424465404,35.3971254153784,129.013424465404,0.0,ok
경남체육고등학교,경상남도 진주시 진성면 진의로 178-27,35.2036999104918,128.22160295246,35.2036999104918,128.22160295246,0.0,ok
김해생명과학고등학교,경상남도 김해시 금관대로 1239,35.2372389782724,128.855270170645,35.2372389782724,128.855270170645,0.0,ok
경남해양과학고등학교,경상남도 남해군 삼동면 동부대로 1810,34.8308978742321,128.004177015397,34.8308978742321,128.004177015397,0.0,ok
남해제일고등학교,경상남도 남해군 남해읍 남해대로 2800-11,34.8392638643409,127.902439949009,34.8392638643409,127.902439949009,0.0,ok
마산가포고등학교,경상남도 창원시 마산합포구 가포로 262,35.167490215805,128.571168595676,35.167490215805,128.571168595676,0.0,ok
명신고등학교,경상남도 진주시 대신로 614,35.2157198462691,128.114396937049,35.2157198462691,128.114396937049,0.0,ok
삼랑진고등학교,경상남도 밀양시 삼랑진읍 만어로 16,35.4010686823669,128.842859941817,35.4010686823669,128.842859941817,0.0,ok
옥종고등학교,경상남도 하동군 옥종면 옥수로 4-9,35.1781655104234,127.884595688995,35.1781655104234,127.884595688995,0.0,ok
진교고등학교,경상남도 하동군 진교면 민다리길 179,35.0375271367234,127.897878406914,35.0375271367234,127.897878406914,0.0,ok
진주외국어고등학교,경상남도 진주시 일반성면 동부로 2014-6,35.1696561814851,128.281667952322,35.1696561814851,128.281667952322,0.0,ok
창녕고등학교,경상남도 창녕군 대지면 우포2로 1180-20,35.5441279433078,128.482361904572,35.5441279433078,128.482361904572,0.0,ok
한국과학기술고등학교,경상남도 창녕군 고암면 창밀로 286,35.5676311637415,128.508578614898,35.5676311637415,128.508578614898,0.0,ok
창원대산고등학교,경상남도 창원시 의창구 대산면 진산대로 378,35.3333445855717,128.710347424496,35.3333445855717,128.710347424496,0.0,ok
하동고등학교,경상남도 하동군 하동읍 경서대로 84,35.0639132899941,127.746167522591,35.0639132899941,127.746167522591,0.0,ok
합포고등학교,경상남도 창원시 마산합포구 무학로 458,35.2094121899909,128.5643385877,35.2094121899909,128.5643385877,0.0,ok
효암고등학교,경상남도 양산시 서창로 144,35.4123803282307,129.16999212693,35.4123803282307,129.16999212693,0.0,ok
김해분성여자고등학교,경상남도 김해시 삼계로 171,35.2666238467743,128.873868698114,35.2666238467743,128.873868698114,0.0,ok
김해외국어고등학교,경상남도 김해시 율하로 266,35.1709639006728,128.804860394266,35.1709639006728,128.804860394266,0.0,ok
김해제일고등학교,경상남도 김해시 분성로3번길 105,35.2395584937856,128.853839114441,35.2395584937856,128.853839114441,0.0,ok
거제상문고등학교,경상남도 거제시 수양로 29,34.8633930399088,128.646715350706,34.8633930399088,128.646715350706,0.0,ok
김해임호고등학교,경상남도 김해시 분성로3번길 77,35.2382686393143,128.852720108492,35.2382686393143,128.852720108492,0.0,ok
구산고등학교,경상남도 김해시 가야로 311,35.2504435908382,128.875669406317,35.2504435908382,128.875669406317,0.0,ok
창원성민여자고등학교,경상남도 창원시 의창구 팔용로 481,35.2588412928716,128.615113707806,35.2588412928716,128.615113707806,0.0,ok
김해수남고등학교,경상남도 김해시 율하로 381,35.168250344381,128.816494912113,35.168250344381,128.816494912113,0.0,ok
창원북면고등학교,경상남도 창원시 의창구 북면 동전로 36,35.2993649147603,128.597256204529,35.2993649147603,128.597256204529,0.0,ok
서귀포여자고등학교,제주특별자치도 서귀포시 태평로 80,33.2434957468657,126.530797586105,33.2434957468657,126.530797586105,0.0,ok
세화고등학교,제주특별자치도 제주시 구좌읍 세종로 26,33.516197330754,126.862739001471,33.516197330754,126.862739001471,0.0,ok
대기고등학교,제주특별자치도 제주시 번영로 453-6,33.4925098054592,126.593279426577,33.4925098054592,126.593279426577,0.0,ok
삼성여자고등학교,제주특별자치도 서귀포시 검은여로 151,33.2543570651358,126.583574399057,33.2543570651358,126.583574399057,0.0,ok
오현고등학교,제주특별자치도 제주시 일주동로 101,33.5178018797061,126.556448684201,33.5178018797061,126.556448684201,0.0,ok
한림공업고등학교,제주특별자치도 제주시 한림읍 한림중앙로 87,33.4065260376529,126.26991230369,33.4065260376529,126.26991230369,0.0,ok
한국뷰티고등학교,제주특별자치도 제주시 한경면 용고로 70,33.3000775772714,126.181867967975,33.3000775772714,126.181867967975,0.0,ok
제주과학고등학교,제주특별자치도 제주시 산록북로 421-1,33.4266199894809,126.531444515992,33.4266199894809,126.531444515992,0.0,ok
서귀포산업과학고등학교,제주특별자치도 서귀포시 516로 501,33.2976458557396,126.594767157466,33.2976458557396,126.594767157466,0.0,ok
성산고등학교,제주특별자치도 서귀포시 성산읍 한도로 79-17,33.4702032373211,126.91516666622,33.4702032373211,126.91516666622,0.0,ok
국립목포대학교,전라남도 무안군 청계면 영산로 1666,34.9102716468027,126.44008667531,34.9102716468027,126.44008667531,0.0,ok
한국체육대학교,서울특별시 송파구 양재대로 1239,37.5198703733617,127.129660488669,37.5198703733617,127.129660488669,0.0,ok
국립한국해양대학교,부산광역시 영도구 태종로 727,35.0744069144856,129.087131295108,35.0744069144856,129.087131295108,0.0,ok
경남과학기술대학교,경상남도 진주시 동진로 33,35.1792658758639,128.092080852163,35.1792658758639,128.092080852163,0.0,ok
경성대학교,부산광역시 남구 수영로 309,35.1384873078988,129.10010311307,35.1384873078988,129.10010311307,0.0,ok
가천대학교,경기도 성남시 수정구 성남대로 1342,37.4512348695085,127.12939432624,37.4512348695085,127.12939432624,0.0,ok
신경주대학교,경상북도 경주시 태종로 188,35.8292658457446,129.163239444101,35.8292658457446,129.163239444101,0.0,ok
계명대학교,대구광역시 달서구 달구벌대로 1095,35.8559055953885,128.484579003028,35.8559055953885,128.484579003028,0.0,ok
대진대학교,경기도 포천시 호국로 1007,37.8738102149097,127.157554125254,37.8738102149097,127.157554125254,0.0,ok
아신대학교,경기도 양평군 옥천면 경강로 1276,37.5112170735026,127.428928259716,37.5112170735026,127.428928259716,0.0,ok
안양대학교,인천광역시 강화군 불은면 중앙로 602-14,37.7110033177909,126.444711004732,37.7110033177909,126.444711004732,0.0,ok
영남대학교,경상북도 경산시 대학로 280,35.8304916312343,128.75218013148,35.8304916312343,128.75218013148,0.0,ok
인제대학교,경상남도 김해시 인제로 197,35.2528100895983,128.900515324646,35.2528100895983,128.900515324646,0.0,ok
인천가톨릭대학교,인천광역시 강화군 양도면 고려왕릉로 53-1,37.6566734151903,126.450008257437,37.6566734151903,126.450008257437,0.0,ok
청주대학교,충청북도 청주시 청원구 대성로 298,36.6508565012441,127.495199134623,36.6508565012441,127.495199134623,0.0,ok
목포가톨릭대학교,전라남도 목포시 영산로 697,34.8272766768797,126.4198974075,34.8272766768797,126.4198974075,0.0,ok
부산장신대학교,경상남도 김해시 김해대로 1894-68,35.256310877582,128.861718196765,35.256310877582,128.861718196765,0.0,ok
금강대학교,충청남도 논산시 상월면 상월로 522,36.3068265947992,127.189714025042,36.3068265947992,127.189714025042,0.0,ok
예수대학교,전북특별자치도 전주시 완산구 서원로 383,35.8160936109437,127.134788546126,35.8160936109437,127.134788546126,0.0,ok
영산대학교,경상남도 양산시 주남로 288,35.4283933160763,129.144634800956,35.4283933160763,129.144634800956,0.0,ok
중원대학교,충청북도 괴산군 괴산읍 문무로 85,36.8191551494983,127.798493849973,36.8191551494983,127.798493849973,0.0,ok
김천대학교,경상북도 김천시 대학로 214,36.1399448069941,128.081714980163,36.1399448069941,128.081714980163,0.0,ok
경운대학교,경상북도 구미시 산동읍 강동로 730,36.1716993571929,128.468071167161,36.1716993571929,128.468071167161,0.0,ok
제주국제대학교,제주특별자치도 제주시 516로 2870,33.4427732522923,126.569831091366,33.4427732522923,126.569831091366,0.0,ok
공주교육대학교,충청남도 공주시 웅진로 27,36.4452038483364,127.119655178765,36.4452038483364,127.119655178765,0.0,ok
진주산업대학교(산업대),경상남도 진주시 동진로 33,35.1792658758639,128.092080852163,35.1792658758639,128.092080852163,0.0,ok
경운대학교(산업대),경상북도 구미시 산동읍 강동로 730,36.1716993571929,128.468071167161,36.1716993571929,128.468071167161,0.0,ok
서울디지털대학교,서울특별시 강서구 공항대로 424,37.5550004979763,126.854020068213,37.5550004979763,126.854020068213,0.0,ok
대구경북과학기술원,대구광역시 달성군 현풍읍 테크노중앙대로 333,35.7056377572321,128.455010688046,35.7056377572321,128.455010688046,0.0,ok
영남외국어대학,경상북도 경산시 남천면 남천로 780-9,35.7851049019368,128.732872947672,35.7851049019368,128.732872947672,0.0,ok
계명문화대학교,대구광역시 달서구 달서대로 675,35.8594620298616,128.486341828526,35.8594620298616,128.486341828526,0.0,ok
김포대학교,경기도 김포시 모담공원로 10,37.6514389377469,126.679368531689,37.6514389377469,126.679368531689,0.0,ok
대원대학교,충청북도 제천시 대학로 316,37.1757962965305,128.190528942068,37.1757962965305,128.190528942068,0.0,ok
동양미래대학교,서울특별시 구로구 경인로 445,37.5000404239326,126.868121402082,37.5000404239326,126.868121402082,0.0,ok
목포과학대학교,전라남도 목포시 영산로 413-1,34.8078795828145,126.409814429126,34.8078795828145,126.409814429126,0.0,ok
수원과학대학교,경기도 화성시 정남면 세자로 288,37.1920073086975,126.983980263649,37.1920073086975,126.983980263649,0.0,ok
동원과학기술대학교,경상남도 양산시 명곡로 321,35.3440175336646,129.066354228284,35.3440175336646,129.066354228284,0.0,ok
여주대학교,경기도 여주시 338,37.27019987550703,127.63534848763184,,,,no_docs
영진전문대학교,대구광역시 북구 복현로 35,35.8956447648046,128.620618952611,35.8956447648046,128.620618952611,0.0,ok
한국영상대학교,세종특별자치시 장군면 대학길 300,36.4624110935815,127.209743812094,36.4624110935815,127.209743812094,0.0,ok
원광보건대학교,전북특별자치도 익산시 익산대로 514,35.9727467333099,126.956196873272,35.9727467333099,126.956196873272,0.0,ok
유한대학교,경기도 부천시 소사구 경인로 590,37.4881094218812,126.821981356837,37.4881094218812,126.821981356837,0.0,ok
장안대학교,경기도 화성시 봉담읍 삼천병마로 1182,37.2132873190593,126.94448214476,37.2132873190593,126.94448214476,0.0,ok
전주비전대학교,전북특별자치도 전주시 완산구 천잠로 235,35.8108759894014,127.090966447808,35.8108759894014,127.090966447808,0.0,ok
전북과학대학교,전북특별자치도 정읍시 정읍사로 509,35.5480364615171,126.861369743744,35.5480364615171,126.861369743744,0.0,ok
제주관광대학교,제주특별자치도 제주시 애월읍 평화로 2715,33.4474802259546,126.43430282708,33.4474802259546,126.43430282708,0.0,ok
김해대학교,경상남도 김해시 삼안로112번길 198,35.2541400566853,128.913046985427,35.2541400566853,128.913046985427,0.0,ok
영진사이버대학교,대구광역시 북구 복현로 35,35.8956447648046,128.620618952611,35.8956447648046,128.620618952611,0.0,ok
ICT폴리텍대학,경기도 광주시 순암로 16-26,37.3973608087447,127.248271161177,37.3973608087447,127.248271161177,0.0,ok
한국폴리텍 III 대학 춘천캠퍼스,강원특별자치도 춘천시 동산면 영서로 1290-31,37.7993419879415,127.777438688404,37.7993419879415,127.777438688404,0.0,ok
한국폴리텍 IV 대학 충남캠퍼스,충청남도 홍성군 홍성읍 충서로 1200,36.5826195874657,126.656165241889,36.5826195874657,126.656165241889,0.0,ok
한국폴리텍 V 대학 광주캠퍼스,광주광역시 북구 하서로 85,35.1829561363337,126.878671829328,35.1829561363337,126.878671829328,0.0,ok
한국폴리텍 V 대학 전남캠퍼스,전라남도 무안군 청계면 영산로 1854-16,34.9235363512067,126.428926985031,34.9235363512067,126.428926985031,0.0,ok
경동대학교,강원특별자치도 속초시 도리원길 5,38.19217298697,128.551158403428,38.19217298697,128.551158403428,0.0,ok
강원도립대학교,강원특별자치도 강릉시 주문진읍 연주로 270,37.8766352632737,128.830621724044,37.8766352632737,128.830621724044,0.0,ok
경북전문대학교,경상북도 영주시 대학로 77,36.8070011304818,128.616142369978,36.8070011304818,128.616142369978,0.0,ok
서라벌대학교,경상북도 경주시 태종로 478-20,35.841705966737,129.182165124094,35.841705966737,129.182165124094,0.0,ok
청암대학교,전라남도 순천시 녹색로 1641,34.9285877673016,127.489314204813,34.9285877673016,127.489314204813,0.0,ok
한국복지대학교,경기도 평택시 삼남로 283,37.05156270867726,127.09489211585678,,,,no_docs
가야대학교(김해),경상남도 김해시 삼계로 208,35.2698162801243,128.872320984264,35.2698162801243,128.872320984264,0.0,ok
가야대학교(고령),경상북도 고령군 대가야읍 대가야로 1103,35.7188918335394,128.250355799825,35.7188918335394,128.250355799825,0.0,ok
을지대학교,경기도 의정부시 동일로 712,37.7518290378344,127.050695679688,37.7518290378344,127.050695679688,0.0,ok
홍익대학교,세종특별자치시 조치원읍 2639,37.550874837441,126.925554591431,,,,no_docs
한국폴리텍 VII 대학 진주캠퍼스,경상남도 진주시 모덕로 299,35.1908011452315,128.126499662219,35.1908011452315,128.126499662219,0.0,ok
영산대학교(양산),경상남도 양산시 주남로 288,35.4283933160763,129.144634800956,35.4283933160763,129.144634800956,0.0,ok
